bin_inner_edge,bin_outer_edge,binned_Vrms
0.0,0.2397569076664571,250.5168947397126
0.2397569076664571,0.4795138153329142,256.9703513314587
0.4795138153329142,0.7192707229993712,258.24234790410156
0.7192707229993712,1.1987845383322855,260.2417646952032
1.1987845383322855,1.7981768074984283,259.1911606524351
1.7981768074984283,2.400134773548589,260.0614669532956
