{
  "N4258": {
    "N": 443,
    "sigma": 115.0,
    "mu_geo": 29.397,
    "M_W_apparent": 23.55973896745391,
    "M_W_absolute": -5.837261032546088,
    "M_W_err": 0.02156022864728359,
    "b_W": -3.287530169052448,
    "b_W_err": 0.07816130537941861
  },
  "LMC": {
    "N": 339,
    "sigma": 24.0,
    "mu_geo": 18.477,
    "M_W_apparent": 12.5992412374345,
    "M_W_absolute": -5.877758762565501,
    "M_W_err": 0.004900946368958276,
    "b_W": -3.2908371462562425,
    "b_W_err": 0.018610695885795323
  },
  "M31": {
    "N": 55,
    "sigma": 160.0,
    "mu_geo": 24.407,
    "M_W_apparent": 18.530805422802572,
    "M_W_absolute": -5.8761945771974275,
    "M_W_err": 0.024449253252630018,
    "b_W": -3.3130938620388894,
    "b_W_err": 0.07744325854085715
  },
  "regression": {
    "alpha_anchor": 0.02857119705946685,
    "alpha_anchor_err": 0.022621988050531398,
    "intercept": -5.863391312451207,
    "intercept_err": 0.010876058679385165,
    "r_pearson": 0.3839261725467803,
    "p_pearson": 0.7491434232390075,
    "chi2": 1.760024807111739,
    "dof": 1,
    "n_anchors": 3,
    "tension_with_host": 3.4092597605169774,
    "alpha_host": 0.5798828125000002,
    "alpha_host_err": 0.16011992563681038
  }
}