Region,Intercept,Error,N
Inner,24.430598758156954,0.12555101748151645,153
Outer,24.074560814679618,0.05159510445464858,919
