{
    "Baseline": {
        "r_squared": 0.15628860713069215,
        "adj_r_squared": 0.14066432207755675,
        "params": {
            "const": 9.08995101411847e-16,
            "sigma_inferred": 0.39533353909160335
        },
        "bse": {
            "const": 0.12387606694959592,
            "sigma_inferred": 0.12499714017982705
        },
        "pvalues": {
            "const": 0.9999999999999942,
            "sigma_inferred": 0.0025649900357409155
        },
        "nobs": 56.0
    },
    "AgeControl": {
        "r_squared": 0.16563207482576714,
        "adj_r_squared": 0.1341464927437206,
        "params": {
            "const": 9.08995101411847e-16,
            "sigma_inferred": 0.3787164851728429,
            "mean_logP": 0.09807952985212527
        },
        "bse": {
            "const": 0.12434496279477332,
            "sigma_inferred": 0.12731078519241526,
            "mean_logP": 0.1273107851924153
        },
        "pvalues": {
            "const": 0.9999999999999942,
            "sigma_inferred": 0.004407913614881357,
            "mean_logP": 0.4444865237637249
        },
        "nobs": 56.0
    },
    "DustControl": {
        "r_squared": 0.2513040814295855,
        "adj_r_squared": 0.2081100861274462,
        "params": {
            "const": 9.08995101411847e-16,
            "sigma_inferred": 0.34080446592444935,
            "c": 0.3102780875685056,
            "x1": -0.10562297329470544
        },
        "bse": {
            "const": 0.11891547972889296,
            "sigma_inferred": 0.12566156182018362,
            "c": 0.12436688633678428,
            "x1": 0.12313079272633697
        },
        "pvalues": {
            "const": 0.999999999999994,
            "sigma_inferred": 0.00904227048912378,
            "c": 0.01581455662482083,
            "x1": 0.394933296517036
        },
        "nobs": 56.0
    },
    "Full": {
        "r_squared": 0.3094776676566764,
        "adj_r_squared": 0.2553190533552393,
        "params": {
            "const": 9.08995101411847e-16,
            "sigma_inferred": 0.21883094808707637,
            "mean_logP": 0.10367102473988368,
            "c": 0.2664704770228319,
            "host_logmass": 0.2658327495871723
        },
        "bse": {
            "const": 0.11531640840412902,
            "sigma_inferred": 0.1285077023961593,
            "mean_logP": 0.11827255926934474,
            "c": 0.12091849385467064,
            "host_logmass": 0.12541438880838424
        },
        "pvalues": {
            "const": 0.9999999999999938,
            "sigma_inferred": 0.09468179340436535,
            "mean_logP": 0.38484491283697864,
            "c": 0.032084885419970545,
            "host_logmass": 0.03892470403093524
        },
        "nobs": 56.0
    }
}