{
  "n": 29,
  "sigma_ref": 75.25,
  "planck_h0": 67.4,
  "planck_err": 0.5,
  "baseline": {
    "slope": 0.07748111767937786,
    "pearson_r": 0.4279417434741577,
    "pearson_p": 0.020567348172728893,
    "spearman_rho": 0.4339901477832511,
    "spearman_p": 0.018662224475543478
  },
  "train_test": {
    "n_repeats": 200,
    "train_frac": 0.7,
    "alpha_mean": 0.5742187499999996,
    "alpha_std": 0.10746994038305589,
    "test_slope_median": 0.004019357343002517,
    "test_slope_q16": -0.056893495902621855,
    "test_slope_q84": 0.0641157546318855,
    "test_abs_pearson_r_median": 0.2463026621458752,
    "test_h0_mean_median": 68.78818908429719,
    "test_h0_mean_q16": 66.69608612073392,
    "test_h0_mean_q84": 70.40290267551046
  },
  "loocv": {
    "alpha_mean": 0.5805172413793097,
    "alpha_std": 0.0296304778897713,
    "pred_h0_mean": 68.69977330451016,
    "pred_h0_sem": 1.319346405865244,
    "pred_slope": -0.00018691044823501078,
    "pearson_r": -0.0011263828787512614,
    "pearson_p": 0.9953731506317453,
    "spearman_rho": 0.017241379310344827,
    "spearman_p": 0.9292647452546765,
    "tension_sigma": 0.9212286552506511
  }
}