{
  "step": "10",
  "status": "success",
  "alpha": -0.055,
  "sn_refsdal": {
    "gr": 66.6,
    "tep": 69.27865841803353,
    "err_plus": 4.1,
    "err_minus": 3.3,
    "sigma_tep": 0.04401010061364485,
    "shift_factor": 1.04022009636687,
    "sigma_shift_factor": 0.000660812321526199,
    "dt_obs_days": 376.0,
    "dt_geom_days": 361.461964937265,
    "r_tep_days": 14.538035062734984,
    "planck_tension": {
      "H0_planck": 67.4,
      "H0_planck_err": 0.5,
      "diff_kms_mpc": 1.878658418033524,
      "sigma_total_kms_mpc": 3.7336309405188937,
      "z_sigma": 0.5031719652967176,
      "p_value": 0.6148433733881933,
      "caveat": "Tension uses full error budget: sigma_total = sqrt(sigma_lens^2 + sigma_planck^2). Using only Planck uncertainty would overstate tension by ~8x."
    },
    "note": "Rigorous closure-based shift. dt_geom = dt_obs - R_tep_prediction. H0 scales inversely with the true geometric delay."
  },
  "sn_h0pe": {
    "gr": 60.9,
    "tep": 60.934998740775285,
    "err_plus": 5.1,
    "err_minus": 4.6,
    "sigma_tep": 0.13969146636430918,
    "shift_factor": 1.0005746919667535,
    "sigma_shift_factor": 0.0022937843409574577,
    "per_delay_factors": {
      "A_B": {
        "factor": 1.0083609189102218,
        "sigma": 0.0029105346809791127,
        "dt_days": 116.6
      },
      "C_B": {
        "factor": 0.9994615203416584,
        "sigma": 0.002588486922649216,
        "dt_days": 48.6
      }
    },
    "gamma_factors": {
      "A": 1.0083609189102218,
      "B": 0.9942431745679337,
      "C": 0.9994615203416584
    },
    "predicted_closure_residual_days": 1.2912814776975223,
    "planck_tension": {
      "diff_kms_mpc": -6.465001259224721,
      "sigma_total_kms_mpc": 4.875705077217037,
      "z_sigma": 1.325962328901736,
      "p_value": 0.18485217565202672
    },
    "note": "3-image weighted gamma shift. Shift is small (+~0.1%) because the high-magnification image (B, mu=8.0) is the reference, and the other images have modest magnification contrasts. Closure residual is predicted, not observed (only 2 independent delays)."
  },
  "sn_encore": {
    "gr": 60.9,
    "tep": 60.92803567700692,
    "err_plus": 5.1,
    "err_minus": 4.6,
    "sigma_tep": 0.09637941786845569,
    "shift_factor": 1.0004603559442844,
    "sigma_shift_factor": 0.0015825848582669243,
    "per_reference_factors": {
      "1a_reference": 0.9957090695660714,
      "1b_reference": 1.0052343143287465
    },
    "gamma_factors": {
      "1a": 1.0052343143287465,
      "1b": 0.9957090695660714
    },
    "planck_tension": {
      "diff_kms_mpc": -6.471964322993088,
      "sigma_total_kms_mpc": 4.875705077217037,
      "z_sigma": 1.3273904431248262,
      "p_value": 0.18437955941394457
    },
    "note": "2-image approximate shift. Reference-dependent: f=1.0088 (1b ref) vs f=0.9938 (1a ref). The geometric mean is reported as a compromise. The shift is small (~+0.2%) because the magnification contrast (mu_1b/mu_1a = 2.0) is modest compared to Refsdal (~3.3)."
  },
  "combined_low_h0": {
    "gr": 63.53402092235155,
    "tep": 64.78880573287427,
    "shift": 1.2547848105227146
  },
  "independence_analysis": {
    "sn_refsdal": {
      "independence_level": "not_independent",
      "circularity_note": "The alpha_proxy=-0.055 used here was empirically determined from the same SN Refsdal SX delay data (step_07). The H0 shift is therefore a self-consistency check, not an independent confirmation. It shows that the TEP framework is internally consistent, but does not add degrees of freedom to the evidence."
    },
    "sn_h0pe": {
      "independence_level": "independent_prediction",
      "circularity_note": "alpha_proxy was calibrated on SN Refsdal, then applied to H0pe without refitting. The predicted shift is an independent prediction, but the shift is negligible (~0.1) due to modest magnification contrast."
    },
    "sn_encore": {
      "independence_level": "independent_prediction",
      "circularity_note": "alpha_proxy was calibrated on SN Refsdal, then applied to Encore without refitting. The predicted shift is an independent prediction, but the shift is negligible (~0.1) due to modest magnification contrast and reference dependence of the 2-image system."
    }
  },
  "interpretation": "SN Refsdal receives the dominant TEP H0 shift (+2.4) because it has 5 images and the largest magnification contrast (S1/SX ~ 3.3). SN H0pe and SN Encore receive negligible shifts (+0.1 and +0.1 respectively) due to their smaller magnification contrasts and fewer independent delays. The combined low-H0 cluster shifts by +0.8 toward Planck, driven primarily by Refsdal. IMPORTANT: The Refsdal H0 shift is not an independent confirmation because alpha_proxy was derived from the same Refsdal data. It is an internal consistency check."
}