{
  "step": "43",
  "status": "success",
  "description": "Forecast of how the mu->kappa amplitude systematic shrinks as future high-resolution mass models constrain per-image shear and absolute scale. Conditional on the central shear estimates; quantifies the convergence precision required to remove the residual zero-crossing and restore the amplitude. The primary blind-residual SIGN evidence does not depend on this proxy.",
  "alpha_proxy_ref": -0.055,
  "nominal_flux_proxy_residual_days": -14.538035062734984,
  "current_state": {
    "gamma_std_scale": 1.0,
    "sigma_gamma_S1_S4": 0.18,
    "C_knowledge": "unknown",
    "R_median": -19.215717142505127,
    "R_p16": -29.801501432754094,
    "R_p84": 0.5815621401495702,
    "R_zero_crossing": true,
    "P_R_negative": 0.8131,
    "alpha_equiv_median": -0.031315207033749945,
    "alpha_equiv_p16": -0.06765089927462925,
    "alpha_equiv_p84": 0.05657244485113048,
    "alpha_zero_crossing": true,
    "P_delta_chi2_gt_0": 0.63055
  },
  "precision_ladder": [
    {
      "gamma_std_scale": 1.0,
      "sigma_gamma_S1_S4": 0.18,
      "C_knowledge": "unknown",
      "R_median": -19.215717142505127,
      "R_p16": -29.801501432754094,
      "R_p84": 0.5815621401495702,
      "R_zero_crossing": true,
      "P_R_negative": 0.8131,
      "alpha_equiv_median": -0.031315207033749945,
      "alpha_equiv_p16": -0.06765089927462925,
      "alpha_equiv_p84": 0.05657244485113048,
      "alpha_zero_crossing": true,
      "P_delta_chi2_gt_0": 0.63055
    },
    {
      "gamma_std_scale": 0.5,
      "sigma_gamma_S1_S4": 0.09,
      "C_knowledge": "unknown",
      "R_median": -20.67605865018091,
      "R_p16": -28.677951363974245,
      "R_p84": -6.023604817904535,
      "R_zero_crossing": false,
      "P_R_negative": 0.87265,
      "alpha_equiv_median": -0.03302465989321707,
      "alpha_equiv_p16": -0.07067624430061231,
      "alpha_equiv_p84": -0.024856104172785002,
      "alpha_zero_crossing": false,
      "P_delta_chi2_gt_0": 0.74235
    },
    {
      "gamma_std_scale": 0.28,
      "sigma_gamma_S1_S4": 0.0504,
      "C_knowledge": "unknown",
      "R_median": -21.36583009818246,
      "R_p16": -28.271638421860395,
      "R_p84": -7.486124546931071,
      "R_zero_crossing": false,
      "P_R_negative": 0.8838,
      "alpha_equiv_median": -0.03263567836287434,
      "alpha_equiv_p16": -0.07138778768457218,
      "alpha_equiv_p84": -0.026585333961253243,
      "alpha_zero_crossing": false,
      "P_delta_chi2_gt_0": 0.78515
    },
    {
      "gamma_std_scale": 0.1,
      "sigma_gamma_S1_S4": 0.018,
      "C_knowledge": "unknown",
      "R_median": -21.45842302041774,
      "R_p16": -28.150183633191592,
      "R_p84": -7.8124330896156975,
      "R_zero_crossing": false,
      "P_R_negative": 0.88695,
      "alpha_equiv_median": -0.03218603130449721,
      "alpha_equiv_p16": -0.07191410602660832,
      "alpha_equiv_p84": -0.027522432596345504,
      "alpha_zero_crossing": false,
      "P_delta_chi2_gt_0": 0.82715
    },
    {
      "gamma_std_scale": 0.03,
      "sigma_gamma_S1_S4": 0.0054,
      "C_knowledge": "unknown",
      "R_median": -21.45685427843518,
      "R_p16": -28.185186680680438,
      "R_p84": -7.8133271533199915,
      "R_zero_crossing": false,
      "P_R_negative": 0.88745,
      "alpha_equiv_median": -0.03213866141257905,
      "alpha_equiv_p16": -0.07215975496696635,
      "alpha_equiv_p84": -0.02779497419617581,
      "alpha_zero_crossing": false,
      "P_delta_chi2_gt_0": 0.8422
    },
    {
      "gamma_std_scale": 1.0,
      "sigma_gamma_S1_S4": 0.18,
      "C_knowledge": "constrained",
      "R_median": -26.778482861204807,
      "R_p16": -31.268553515870913,
      "R_p84": -16.13944087734291,
      "R_zero_crossing": false,
      "P_R_negative": 0.94035,
      "alpha_equiv_median": -0.02907835718496701,
      "alpha_equiv_p16": -0.04068182365058489,
      "alpha_equiv_p84": -0.024868483062130343,
      "alpha_zero_crossing": false,
      "P_delta_chi2_gt_0": 0.62345
    },
    {
      "gamma_std_scale": 0.5,
      "sigma_gamma_S1_S4": 0.09,
      "C_knowledge": "constrained",
      "R_median": -26.973471811646235,
      "R_p16": -29.846908856394805,
      "R_p84": -22.430259232202612,
      "R_zero_crossing": false,
      "P_R_negative": 0.9918,
      "alpha_equiv_median": -0.029702503668632856,
      "alpha_equiv_p16": -0.03554727641672915,
      "alpha_equiv_p84": -0.026843004186757814,
      "alpha_zero_crossing": false,
      "P_delta_chi2_gt_0": 0.76505
    },
    {
      "gamma_std_scale": 0.28,
      "sigma_gamma_S1_S4": 0.0504,
      "C_knowledge": "constrained",
      "R_median": -27.15579400357832,
      "R_p16": -29.101400481964465,
      "R_p84": -24.163672498046466,
      "R_zero_crossing": false,
      "P_R_negative": 0.9981,
      "alpha_equiv_median": -0.029568014448489083,
      "alpha_equiv_p16": -0.03320708746690564,
      "alpha_equiv_p84": -0.027590796128359966,
      "alpha_zero_crossing": false,
      "P_delta_chi2_gt_0": 0.85175
    },
    {
      "gamma_std_scale": 0.1,
      "sigma_gamma_S1_S4": 0.018,
      "C_knowledge": "constrained",
      "R_median": -27.333574590487046,
      "R_p16": -28.57364817334071,
      "R_p84": -25.094828038240998,
      "R_zero_crossing": false,
      "P_R_negative": 0.99855,
      "alpha_equiv_median": -0.02938215516761764,
      "alpha_equiv_p16": -0.03198729135256718,
      "alpha_equiv_p84": -0.028105426554853083,
      "alpha_zero_crossing": false,
      "P_delta_chi2_gt_0": 0.9375
    },
    {
      "gamma_std_scale": 0.03,
      "sigma_gamma_S1_S4": 0.0054,
      "C_knowledge": "constrained",
      "R_median": -27.38072840069288,
      "R_p16": -28.499229614294908,
      "R_p84": -25.2214125529995,
      "R_zero_crossing": false,
      "P_R_negative": 0.99855,
      "alpha_equiv_median": -0.029333009231909662,
      "alpha_equiv_p16": -0.03182277397676961,
      "alpha_equiv_p84": -0.028182440729186208,
      "alpha_zero_crossing": false,
      "P_delta_chi2_gt_0": 0.95935
    },
    {
      "gamma_std_scale": 1.0,
      "sigma_gamma_S1_S4": 0.18,
      "C_knowledge": "known",
      "R_median": -27.281588298641665,
      "R_p16": -31.207651995440926,
      "R_p84": -18.065969913752216,
      "R_zero_crossing": false,
      "P_R_negative": 0.9619,
      "alpha_equiv_median": -0.028918124775840492,
      "alpha_equiv_p16": -0.03958489067279256,
      "alpha_equiv_p84": -0.02535514468120785,
      "alpha_zero_crossing": false,
      "P_delta_chi2_gt_0": 0.6231
    },
    {
      "gamma_std_scale": 0.5,
      "sigma_gamma_S1_S4": 0.09,
      "C_knowledge": "known",
      "R_median": -27.448083501603342,
      "R_p16": -29.708003055739564,
      "R_p84": -24.10145713337605,
      "R_zero_crossing": false,
      "P_R_negative": 0.99885,
      "alpha_equiv_median": -0.029258127050172153,
      "alpha_equiv_p16": -0.033306052994086024,
      "alpha_equiv_p84": -0.027030511392183605,
      "alpha_zero_crossing": false,
      "P_delta_chi2_gt_0": 0.7719
    },
    {
      "gamma_std_scale": 0.28,
      "sigma_gamma_S1_S4": 0.0504,
      "C_knowledge": "known",
      "R_median": -27.509885294617376,
      "R_p16": -28.86179991765035,
      "R_p84": -25.82300990560957,
      "R_zero_crossing": false,
      "P_R_negative": 1.0,
      "alpha_equiv_median": -0.029200542202648214,
      "alpha_equiv_p16": -0.03110805322284622,
      "alpha_equiv_p84": -0.027832760562836904,
      "alpha_zero_crossing": false,
      "P_delta_chi2_gt_0": 0.8995
    },
    {
      "gamma_std_scale": 0.1,
      "sigma_gamma_S1_S4": 0.018,
      "C_knowledge": "known",
      "R_median": -27.525663785410707,
      "R_p16": -28.03735138652432,
      "R_p84": -26.968220310676482,
      "R_zero_crossing": false,
      "P_R_negative": 1.0,
      "alpha_equiv_median": -0.029183803623422808,
      "alpha_equiv_p16": -0.029787044056464092,
      "alpha_equiv_p84": -0.02865119302618812,
      "alpha_zero_crossing": false,