{
  "sn_refsdal": {
    "gr": 66.6,
    "tep": 69.0231532524807,
    "shift": 2.4231532524807022
  },
  "sn_h0pe": {
    "gr": 75.4,
    "tep": 74.139109358161,
    "shift": -1.260890641839012
  },
  "tension_gr": 8.800000000000011,
  "tension_tep": 5.115956105680297
}