{
  "achromaticity": {
    "status": "PARTIAL",
    "primary_systems_status": "Single-band monitoring only (COSMOGRAIL public releases)",
    "primary_systems": [
      "DESJ0408",
      "PG1115",
      "J1206"
    ],
    "recommendation": "Obtain multi-band, image-resolved monitoring light curves for DESJ0408, PG1115, J1206.",
    "multiband_auxiliary": {
      "source": "Current step_30 system outputs grouped by base system, band suffix, and image pair.",
      "n_matched_band_pair_tests": 9,
      "summaries": {
        "HE0435:A-C": {
          "bands": [
            "R",
            "V"
          ],
          "gamma_by_band": {
            "R": -51.96085049945142,
            "V": -21.53865844694073
          },
          "uncertainty_by_band": {
            "R": 190.26317195910278,
            "V": 169.13444673647635
          },
          "weighted_mean_gamma": -34.9674159574687,
          "max_delta_gamma": 30.422192052510688,
          "chi2": 0.014281117785644348,
          "dof": 1,
          "p_chi2_consistency": 0.9048763636517801
        },
        "HE0435:A-D": {
          "bands": [
            "R",
            "V"
          ],
          "gamma_by_band": {
            "R": -92.85414047019779,
            "V": -104.3580252850107
          },
          "uncertainty_by_band": {
            "R": 226.9298750544915,
            "V": 158.69393686888432
          },
          "weighted_mean_gamma": -100.57988743078974,
          "max_delta_gamma": 11.503884814812906,
          "chi2": 0.0017258444738408132,
          "dof": 1,
          "p_chi2_consistency": 0.9668627867060221
        },
        "HE0435:B-C": {
          "bands": [
            "R",
            "V"
          ],
          "gamma_by_band": {
            "R": 61.877939220002965,
            "V": -21.772849971160653
          },
          "uncertainty_by_band": {
            "R": 101.15496470269044,
            "V": 138.30173953490302
          },
          "weighted_mean_gamma": 32.724294047182624,
          "max_delta_gamma": 83.65078919116362,
          "chi2": 0.23833537123587573,
          "dof": 1,
          "p_chi2_consistency": 0.6254109908445687
        },
        "HE0435:C-D": {
          "bands": [
            "R",
            "V"
          ],
          "gamma_by_band": {
            "R": -55.71556925870982,
            "V": 72.60877121617703
          },
          "uncertainty_by_band": {
            "R": 146.0787470667626,
            "V": 282.6824878884969
          },
          "weighted_mean_gamma": -28.670070911005038,
          "max_delta_gamma": 128.32434047488687,
          "chi2": 0.1626409710969849,
          "dof": 1,
          "p_chi2_consistency": 0.6867365872690986
        },
        "HE1104:A-B": {
          "bands": [
            "B",
            "I",
            "J"
          ],
          "gamma_by_band": {
            "B": 13.813694159093808,
            "I": -22.840224235396693,
            "J": 43.60412486137267
          },
          "uncertainty_by_band": {
            "B": 148.9108619880805,
            "I": 65.27153146532949,
            "J": 99.80885401907155
          },
          "weighted_mean_gamma": -0.9494971097647401,
          "max_delta_gamma": 66.44434909676936,
          "chi2": 0.3215718700827803,
          "dof": 2,
          "p_chi2_consistency": 0.851474322415231
        },
        "Q2237:A-B": {
          "bands": [
            "I",
            "V",
            "G"
          ],
          "gamma_by_band": {
            "I": 1.1578126824968466e-14,
            "V": -3.2804692670743977e-13,
            "G": 61.137530359703455
          },
          "uncertainty_by_band": {
            "I": 2.0,
            "V": 2.0,
            "G": 88.38015679065583
          },
          "weighted_mean_gamma": 0.015650101769286075,
          "max_delta_gamma": 61.13753035970378,
          "chi2": 0.4784042860309262,
          "dof": 2,
          "p_chi2_consistency": 0.7872557280404548
        },
        "Q2237:A-C": {
          "bands": [
            "I",
            "G",
            "R"
          ],
          "gamma_by_band": {
            "I": 1.1578126824968466e-14,
            "G": 60.905227363566084,
            "R": 1.9296878041614104e-13
          },
          "uncertainty_by_band": {
            "I": 2.0,
            "G": 147.93616472336277,
            "R": 2.0
          },
          "weighted_mean_gamma": 0.005565397223473845,
          "max_delta_gamma": 60.90522736356607,
          "chi2": 0.1694808916290022,
          "dof": 2,
          "p_chi2_consistency": 0.918750719051323
        },
        "Q2237:A-D": {
          "bands": [
            "I",
            "V",
            "G",
            "R"
          ],
          "gamma_by_band": {
            "I": -4.245313169155104e-14,
            "V": 3.859375608322822e-15,
            "G": -41.54606103850418,
            "R": -3.0875004866582574e-14
          },
          "uncertainty_by_band": {
            "I": 2.0,
            "V": 2.0,
            "G": 83.60133309745699,
            "R": 2.0
          },
          "weighted_mean_gamma": -0.007924271432437987,
          "max_delta_gamma": 41.546061038504185,
          "chi2": 0.246916698462586,
          "dof": 3,
          "p_chi2_consistency": 0.969681905908414
        },
        "Q2237:B-C": {
          "bands": [
            "I",
            "V",
            "G",
            "R"
          ],
          "gamma_by_band": {
            "I": -1.0034376581639334e-13,
            "V": 1.1336915849448288e-14,
            "G": -16.058663072459463,
            "R": -1.292890828788145e-13
          },
          "uncertainty_by_band": {
            "I": 2.0,
            "V": 2.0,
            "G": 89.27110058988663,
            "R": 2.0
          },
          "weighted_mean_gamma": -0.002686294914084521,
          "max_delta_gamma": 16.058663072459474,
          "chi2": 0.03235372870303205,
          "dof": 3,
          "p_chi2_consistency": 0.9984671703211708
        }
      },
      "strongest_chromatic_candidates": [
        {
          "system_pair": "HE0435:B-C",
          "bands": [
            "R",
            "V"
          ],
          "gamma_by_band": {
            "R": 61.877939220002965,
            "V": -21.772849971160653
          },
          "uncertainty_by_band": {
            "R": 101.15496470269044,
            "V": 138.30173953490302
          },
          "weighted_mean_gamma": 32.724294047182624,
          "max_delta_gamma": 83.65078919116362,
          "chi2": 0.23833537123587573,
          "dof": 1,
          "p_chi2_consistency": 0.6254109908445687
        },
        {
          "system_pair": "HE0435:C-D",
          "bands": [
            "R",
            "V"
          ],
          "gamma_by_band": {
            "R": -55.71556925870982,
            "V": 72.60877121617703
          },
          "uncertainty_by_band": {
            "R": 146.0787470667626,
            "V": 282.6824878884969
          },
          "weighted_mean_gamma": -28.670070911005038,
          "max_delta_gamma": 128.32434047488687,
          "chi2": 0.1626409710969849,
          "dof": 1,
          "p_chi2_consistency": 0.6867365872690986
        },
        {
          "system_pair": "Q2237:A-B",
          "bands": [
            "I",
            "V",
            "G"
          ],
          "gamma_by_band": {
            "I": 1.1578126824968466e-14,
            "V": -3.2804692670743977e-13,
            "G": 61.137530359703455
          },
          "uncertainty_by_band": {
            "I": 2.0,
            "V": 2.0,
            "G": 88.38015679065583
          },
          "weighted_mean_gamma": 0.015650101769286075,
          "max_delta_gamma": 61.13753035970378,
          "chi2": 0.4784042860309262,
          "dof": 2,
          "p_chi2_consistency": 0.7872557280404548
        },
        {
          "system_pair": "HE1104:A-B",
          "bands": [
            "B",
            "I",
            "J"
          ],