{
  "step": "12",
  "status": "success",
  "nominal": {
    "R_obs_weighted_days": 30.04957673068333,
    "R_tep_alpha_nominal_days": 14.538035062734984
  },
  "design": {
    "draws_per_level": 20000,
    "microlensing_fraction_levels": [
      0.1,
      0.2,
      0.3
    ],
    "note": "Flux perturbations combine quoted photometric errors and fractional nuisance terms."
  },
  "summaries": [
    {
      "microlensing_fraction": 0.1,
      "n_draws": 20000,
      "R_tep_median_days": -14.526754230548423,
      "R_tep_p16_days": -15.843660319116408,
      "R_tep_p84_days": -13.234807343573024,
      "R_tep_p025_days": -17.21400595956059,
      "R_tep_p975_days": -11.97626221356213,
      "P_R_tep_positive": 0.0,
      "alpha_inferred_median": -0.11377123161575378,
      "alpha_inferred_p16": -0.12487727832381834,
      "alpha_inferred_p84": -0.10431470298053358,
      "P_alpha_inferred_positive": 0.0,
      "delta_chi2_median": 8.412763497488882,
      "delta_chi2_p16": 7.88185395258548,
      "delta_chi2_p84": 8.91027083459954,
      "P_delta_chi2_gt_0": 1.0
    },
    {
      "microlensing_fraction": 0.2,
      "n_draws": 20000,
      "R_tep_median_days": -14.49704825054511,
      "R_tep_p16_days": -17.125549902567972,
      "R_tep_p84_days": -11.99558492748072,
      "R_tep_p025_days": -20.029747175009458,
      "R_tep_p975_days": -9.358582524538896,
      "P_R_tep_positive": 0.0,
      "alpha_inferred_median": -0.11400436086714762,
      "alpha_inferred_p16": -0.13777791830793212,
      "alpha_inferred_p84": -0.09650649057069914,
      "P_alpha_inferred_positive": 0.0,
      "delta_chi2_median": 8.40103268402292,
      "delta_chi2_p16": 7.332750750184393,
      "delta_chi2_p84": 9.352215302172215,
      "P_delta_chi2_gt_0": 1.0
    },
    {
      "microlensing_fraction": 0.3,
      "n_draws": 20000,
      "R_tep_median_days": -14.527290544845565,
      "R_tep_p16_days": -18.324848027066047,
      "R_tep_p84_days": -10.638738460820038,
      "R_tep_p025_days": -23.295265747471657,
      "R_tep_p975_days": -5.8579043726274325,
      "P_R_tep_positive": 0.0039,
      "alpha_inferred_median": -0.11351212806366756,
      "alpha_inferred_p16": -0.15434554373631545,
      "alpha_inferred_p84": -0.0898242740048334,
      "P_alpha_inferred_positive": 0.0039,
      "delta_chi2_median": 8.41100195165675,
      "delta_chi2_p16": 6.679385870224938,
      "delta_chi2_p84": 9.725848886855715,
      "P_delta_chi2_gt_0": 0.9957
    }
  ],
  "proxy_mapping_summary": {
    "n_draws": 20000,
    "R_tep_median_days": -18.903189266651943,
    "R_tep_p16_days": -29.67254914324502,
    "R_tep_p84_days": 0.8957916041081954,
    "P_R_tep_positive": 0.1764,
    "alpha_inferred_median": -0.06452298600588519,
    "alpha_inferred_p16": -0.14102905688265147,
    "alpha_inferred_p84": 0.12934092268689895,
    "P_alpha_inferred_positive": 0.17935943060498222,
    "delta_chi2_median": 9.542788343368326,
    "delta_chi2_p16": -0.714697155506809,
    "delta_chi2_p84": 11.408367598464999,
    "P_delta_chi2_gt_0": 0.8063
  },
  "figure": "/Users/matthewsmawfield/www/Temporal Equivalence Principle/TEP-LENS/results/figures/step_12_microlensing_robustness.png"
}