{
  "step": "03",
  "status": "success",
  "system": "SN Refsdal (MACS J1149.6+2223)",
  "reference": "Kelly et al. 2023, ApJ 948, 93",
  "alpha_tep": -0.055,
  "gamma_per_image": {
    "S1": 0.9960183376331856,
    "S2": 1.0023865093089686,
    "S3": 1.0075020921727815,
    "S4": 0.9855753924737936,
    "SX": 1.0248041872862155
  },
  "mu_norm_per_image": {
    "S1": 1.181391552744338,
    "S2": 0.9049173638033055,
    "S3": 0.7304631707814732,
    "S4": 1.8292185268312589,
    "SX": 0.35400938583962455
  },
  "tep_predicted_discrepancies": {
    "S1_S2_S3": {
      "images": [
        "S1",
        "S2",
        "S3"
      ],
      "Gamma": {
        "S1": 0.9960183376331856,
        "S2": 1.0023865093089686,
        "S3": 1.0075020921727815
      },
      "dt_ij_days": 9.9,
      "dt_jk_days": -0.9000000000000004,
      "dt_ki_days": -9.0,
      "tep_gr_discrepancy_days": -0.10908514536456809,
      "tep_gr_discrepancy_err_days": 0.0333238990041745,
      "snr": 3.2734808538131435
    },
    "S1_S2_S4": {
      "images": [
        "S1",
        "S2",
        "S4"
      ],
      "Gamma": {
        "S1": 0.9960183376331856,
        "S2": 1.0023865093089686,
        "S4": 0.9855753924737936
      },
      "dt_ij_days": 9.9,
      "dt_jk_days": 10.4,
      "dt_ki_days": -20.3,
      "tep_gr_discrepancy_days": 0.27822077216380114,
      "tep_gr_discrepancy_err_days": 0.11056542335191483,
      "snr": 2.5163451984284633
    },
    "S1_S3_S4": {
      "images": [
        "S1",
        "S3",
        "S4"
      ],
      "Gamma": {
        "S1": 0.9960183376331856,
        "S3": 1.0075020921727815,
        "S4": 0.9855753924737936
      },
      "dt_ij_days": 9.0,
      "dt_jk_days": 11.3,
      "dt_ki_days": -20.3,
      "tep_gr_discrepancy_days": 0.34175821303309245,
      "tep_gr_discrepancy_err_days": 0.14838820333217587,
      "snr": 2.3031359997536076
    },
    "S1_S2_SX": {
      "images": [
        "S1",
        "S2",
        "SX"
      ],
      "Gamma": {
        "S1": 0.9960183376331856,
        "S2": 1.0023865093089686,
        "SX": 1.0248041872862155
      },
      "dt_ij_days": 9.9,
      "dt_jk_days": 366.1,
      "dt_ki_days": -376.0,
      "tep_gr_discrepancy_days": -8.492091819035092,
      "tep_gr_discrepancy_err_days": 0.12809721875760868,
      "snr": 66.29411552724038
    },
    "S1_S4_SX": {
      "images": [
        "S1",
        "S4",
        "SX"
      ],
      "Gamma": {
        "S1": 0.9960183376331856,
        "S4": 0.9855753924737936,
        "SX": 1.0248041872862155
      },
      "dt_ij_days": 20.3,
      "dt_jk_days": 355.7,
      "dt_ki_days": -376.0,
      "tep_gr_discrepancy_days": -14.538035062734984,
      "tep_gr_discrepancy_err_days": 0.22962305864678645,
      "snr": 63.31260958028547
    }
  },
  "best_loop_by_snr": "S1_S2_SX",
  "mean_tep_gr_discrepancy_days": -4.50384660838755,
  "max_snr": 66.29411552724038,
  "proxy_validation": {
    "n_draws": 20000,
    "kappa_summary_per_image": {
      "S1": {
        "median": 0.09323842575643015,
        "mean": 0.12387829238864467,
        "std": 0.12417271795789726,
        "p2": 5.000001249699793e-07,
        "p16": 5.000001249699793e-07,
        "p50": 0.09323842575643015,
        "p84": 0.26682242596609346,
        "p98": 0.3962141267344273
      },
      "S2": {
        "median": 0.028986516115255767,
        "mean": 0.08593299779907144,
        "std": 0.10325438392140787,
        "p2": 5.000001249699793e-07,
        "p16": 5.000001249699793e-07,
        "p50": 0.028986516115255767,
        "p84": 0.20569294369165886,
        "p98": 0.332905437587288
      },
      "S3": {
        "median": 0.01,
        "mean": 0.05854195833597585,
        "std": 0.08296842552829753,
        "p2": 5.000001249699793e-07,
        "p16": 5.000001249699793e-07,
        "p50": 0.01,
        "p84": 0.15069464976991434,
        "p98": 0.27883287557592157
      },
      "S4": {
        "median": 0.1810690971975985,
        "mean": 0.18791986166477137,
        "std": 0.14677423528556338,
        "p2": 5.000001249699793e-07,
        "p16": 0.0014742106243842996,
        "p50": 0.1810690971975985,
        "p84": 0.3480013189788227,
        "p98": 0.4844028656567891
      },
      "SX": {
        "median": 0.01,
        "mean": 0.02577573274139702,
        "std": 0.03388546411225645,
        "p2": 5.000001249699793e-07,
        "p16": 0.01,
        "p50": 0.01,
        "p84": 0.05722397534877934,
        "p98": 0.12624665776365293
      }
    },
    "mu_proxy_per_image": {
      "S1": 1.158,
      "S2": 0.887,
      "S3": 0.716,
      "S4": 1.793,
      "SX": 0.347
    },
    "mu_norm_per_image": {
      "S1": 1.181391552744338,
      "S2": 0.9049173638033055,
      "S3": 0.7304631707814732,
      "S4": 1.8292185268312589,
      "SX": 0.35400938583962455
    },
    "closure_residual_kappa": {
      "median": -17.627804973108553,
      "mean": -6.113975410711406,
      "std": 44.92157691249189,
      "p2": -115.7938010389135,
      "p16": -29.49564386641119,
      "p50": -17.627804973108553,
      "p84": 22.69993519234109,
      "p98": 88.94529806556821
    },
    "closure_residual_mu_nominal": -14.538035062734984,
    "alpha_equiv_to_match_obs": {
      "median": -0.03196405528641873,
      "mean": -0.03993225879521538,
      "std": 0.6631653180233222,
      "p2": -0.20567364036248753,
      "p16": -0.06778889832219714,
      "p50": -0.03196405528641873,
      "p84": 0.00898970429961329,
      "p98": 0.06485214983493268
    },
    "C_prior_summary": {
      "median": 2.243547509351057,
      "mean": 2.242968738169181,
      "std": 1.0085010777212713,
      "p2": 0.5858984564173526,
      "p16": 1.0641817316884297,
      "p50": 2.243547509351057,
      "p84": 3.4320410454108035,
      "p98": 3.916985471520184
    },
    "P_rank_agreement_mu_vs_kappa": 0.03415,
    "P_contrast_sign_agreement_S4_SX": 0.79745,
    "gamma_priors": {
      "S1": {
        "mean": 0.6,
        "std": 0.18,
        "low": 0.05,
        "high": 0.92
      },
      "S2": {
        "mean": 0.6,
        "std": 0.18,
        "low": 0.05,
        "high": 0.92
      },
      "S3": {
        "mean": 0.6,
        "std": 0.18,
        "low": 0.05,
        "high": 0.92
      },
      "S4": {
        "mean": 0.6,
        "std": 0.18,
        "low": 0.05,
        "high": 0.92
      },
      "SX": {
        "mean": 0.18,
        "std": 0.12,
        "low": 0.02,
        "high": 0.7
      }
    }
  }
}