{
  "step": "05",
  "status": "success",
  "alpha_tep": -0.05,
  "systems": {
    "HE0435-1223": {
      "metadata": {
        "type": "quasar",
        "z_lens": 0.454,
        "z_src": 1.693,
        "ref_delays": "Bonvin et al. 2017, MNRAS 465, 4914",
        "ref_fluxes": "Bonvin et al. 2017 / Chen et al. 2016",
        "images": [
          "A",
          "B",
          "C",
          "D"
        ],
        "reference_image": "A"
      },
      "pair_results": {
        "dt_BA": {
          "image": "B",
          "dt_obs_days": -9.0,
          "dt_err_days": 0.9,
          "flux_ratio_i_A": 0.736,
          "log10_flux_ratio": -0.13312218566250114,
          "tep_fractional_residual": 0.006656109283125058,
          "tep_predicted_shift_days": 0.05990498354812552,
          "tep_shift_err_days": 0.005990498354812552
        },
        "dt_CA": {
          "image": "C",
          "dt_obs_days": -3.0,
          "dt_err_days": 1.4,
          "flux_ratio_i_A": 0.617,
          "log10_flux_ratio": -0.20971483596675833,
          "tep_fractional_residual": 0.010485741798337916,
          "tep_predicted_shift_days": 0.03145722539501375,
          "tep_shift_err_days": 0.014680038517673083
        },
        "dt_DA": {
          "image": "D",
          "dt_obs_days": -13.8,
          "dt_err_days": 0.8,
          "flux_ratio_i_A": 0.56,
          "log10_flux_ratio": -0.25181197299379954,
          "tep_fractional_residual": 0.012590598649689977,
          "tep_predicted_shift_days": 0.1737502613657217,
          "tep_shift_err_days": 0.010072478919751982
        }
      }
    },
    "WFI2033-4723": {
      "metadata": {
        "type": "quasar",
        "z_lens": 0.6575,
        "z_src": 1.662,
        "ref_delays": "Bonvin et al. 2019, A&A 629, A97",
        "ref_fluxes": "Vuissoz et al. 2008 / Bonvin et al. 2019",
        "images": [
          "A",
          "B",
          "C"
        ],
        "reference_image": "A"
      },
      "pair_results": {
        "dt_BA": {
          "image": "B",
          "dt_obs_days": -36.2,
          "dt_err_days": 0.8,
          "flux_ratio_i_A": 0.658,
          "log10_flux_ratio": -0.1817741063860445,
          "tep_fractional_residual": 0.009088705319302224,
          "tep_predicted_shift_days": 0.32901113255874054,
          "tep_shift_err_days": 0.00727096425544178
        },
        "dt_CA": {
          "image": "C",
          "dt_obs_days": 22.7,
          "dt_err_days": 1.4,
          "flux_ratio_i_A": 0.424,
          "log10_flux_ratio": -0.37263414340726736,
          "tep_fractional_residual": 0.01863170717036337,
          "tep_predicted_shift_days": 0.4229397527672485,
          "tep_shift_err_days": 0.026084390038508716
        }
      }
    },
    "DES0408-5354": {
      "metadata": {
        "type": "quasar",
        "z_lens": 0.597,
        "z_src": 2.375,
        "ref_delays": "Courbin et al. 2018 / Wong et al. 2020, MNRAS 498, 1420",
        "ref_fluxes": "Shajib et al. 2020",
        "images": [
          "A",
          "B",
          "C",
          "D"
        ],
        "reference_image": "A"
      },
      "pair_results": {
        "dt_BA": {
          "image": "B",
          "dt_obs_days": -112.1,
          "dt_err_days": 2.1,
          "flux_ratio_i_A": 0.715,
          "log10_flux_ratio": -0.1456939581989194,
          "tep_fractional_residual": 0.00728469790994597,
          "tep_predicted_shift_days": 0.8166146357049432,
          "tep_shift_err_days": 0.015297865610886537
        },
        "dt_CA": {
          "image": "C",
          "dt_obs_days": -155.5,
          "dt_err_days": 12.8,
          "flux_ratio_i_A": 0.248,
          "log10_flux_ratio": -0.6055483191737837,
          "tep_fractional_residual": 0.030277415958689186,
          "tep_predicted_shift_days": 4.708138181576168,
          "tep_shift_err_days": 0.3875509242712216
        },
        "dt_DA": {
          "image": "D",
          "dt_obs_days": -128.4,
          "dt_err_days": 5.1,
          "flux_ratio_i_A": 0.191,
          "log10_flux_ratio": -0.7189666327522725,
          "tep_fractional_residual": 0.03594833163761362,
          "tep_predicted_shift_days": 4.615765782269589,
          "tep_shift_err_days": 0.18333649135182944
        }
      }
    },
    "RXJ1131-1231": {
      "metadata": {
        "type": "quasar",
        "z_lens": 0.295,
        "z_src": 0.654,
        "ref_delays": "Tewes et al. 2013",
        "ref_fluxes": "Claeskens et al. 2006",
        "images": [
          "A",
          "B",
          "C",
          "D"
        ],
        "reference_image": "A"
      },
      "pair_results": {
        "dt_BA": {
          "image": "B",
          "dt_obs_days": 0.7,
          "dt_err_days": 1.4,
          "flux_ratio_i_A": 0.95,
          "log10_flux_ratio": -0.022276394711152253,
          "tep_fractional_residual": 0.0011138197355576127,
          "tep_predicted_shift_days": 0.0007796738148903289,
          "tep_shift_err_days": 0.0015593476297806577
        },
        "dt_CA": {
          "image": "C",
          "dt_obs_days": -0.4,
          "dt_err_days": 2.0,
          "flux_ratio_i_A": 0.53,
          "log10_flux_ratio": -0.27572413039921095,
          "tep_fractional_residual": 0.013786206519960549,
          "tep_predicted_shift_days": 0.00551448260798422,
          "tep_shift_err_days": 0.027572413039921098
        },
        "dt_DA": {
          "image": "D",
          "dt_obs_days": 91.4,
          "dt_err_days": 1.5,
          "flux_ratio_i_A": 0.11,
          "log10_flux_ratio": -0.958607314841775,
          "tep_fractional_residual": 0.047930365742088754,
          "tep_predicted_shift_days": 4.380835428826912,
          "tep_shift_err_days": 0.07189554861313313
        }
      }
    },
    "PG1115+080": {
      "metadata": {
        "type": "quasar",
        "z_lens": 0.311,
        "z_src": 1.722,
        "ref_delays": "Bonvin et al. 2018",
        "ref_fluxes": "Weymann et al. 1997 / Chiba et al. 2005",
        "images": [
          "A1",
          "A2",
          "B",
          "C"
        ],
        "reference_image": "A1"
      },
      "pair_results": {
        "dt_A2A1": {
          "image": "A2",
          "dt_obs_days": -14.3,
          "dt_err_days": 3.4,
          "flux_ratio_i_A": 0.16,
          "log10_flux_ratio": -0.7958800173440752,
          "tep_fractional_residual": 0.03979400086720376,
          "tep_predicted_shift_days": 0.5690542124010138,
          "tep_shift_err_days": 0.1352996029484928
        },
        "dt_CA1": {
          "image": "C",
          "dt_obs_days": 9.4,
          "dt_err_days": 3.4,
          "flux_ratio_i_A": 0.17,
          "log10_flux_ratio": -0.769551078621726,
          "tep_fractional_residual": 0.0384775539310863,
          "tep_predicted_shift_days": 0.36168900695221123,
          "tep_shift_err_days": 0.13082368336569342
        }
      }
    },
    "B1608+656": {
      "metadata": {
        "type": "quasar",
        "z_lens": 0.63,
        "z_src": 1.394,
        "ref_delays": "Fassnacht et al. 2002",
        "ref_fluxes": "Surpi et al. 2003",
        "images": [
          "A",
          "B",
          "C",
          "D"
        ],
        "reference_image": "A"
      },
      "pair_results": {
        "dt_BA": {
          "image": "B",
          "dt_obs_days": 31.5,
          "dt_err_days": 1.5,
          "flux_ratio_i_A": 0.5,
          "log10_flux_ratio": -0.3010299956639812,
          "tep_fractional_residual": 0.01505149978319906,
          "tep_predicted_shift_days": 0.4741222431707704,
          "tep_shift_err_days": 0.022577249674798593
        },
        "dt_CA": {
          "image": "C",
          "dt_obs_days": 36.0,
          "dt_err_days": 1.5,
          "flux_ratio_i_A": 0.53,
          "log10_flux_ratio": -0.27572413039921095,
          "tep_fractional_residual": 0.013786206519960549,
          "tep_predicted_shift_days": 0.49630343471857974,
          "tep_shift_err_days": 0.020679309779940824
        },