{
  "step": "32",
  "status": "success",
  "sn_refsdal_sensitivity": {
    "n_draws": 20000,
    "kappa_summary_per_image": {
      "S1": {
        "median": 0.09544007834459389,
        "mean": 0.12462345710204074,
        "std": 0.12416619589416697,
        "p2": 5.000001249699793e-07,
        "p16": 5.000001249699793e-07,
        "p50": 0.09544007834459389,
        "p84": 0.26704210729039707,
        "p98": 0.39481700071775155
      },
      "S2": {
        "median": 0.03171631778954842,
        "mean": 0.08663035237727096,
        "std": 0.10303053116076241,
        "p2": 5.000001249699793e-07,
        "p16": 5.000001249699793e-07,
        "p50": 0.03171631778954842,
        "p84": 0.2056459474545943,
        "p98": 0.3317804186903668
      },
      "S3": {
        "median": 0.01,
        "mean": 0.05875526874338086,
        "std": 0.08291642434568579,
        "p2": 5.000001249699793e-07,
        "p16": 5.000001249699793e-07,
        "p50": 0.01,
        "p84": 0.15134327408727152,
        "p98": 0.2785818034330973
      },
      "S4": {
        "median": 0.18186525126505015,
        "mean": 0.18823168516069458,
        "std": 0.1451685340095092,
        "p2": 5.000001249699793e-07,
        "p16": 0.0031952319643321673,
        "p50": 0.18186525126505015,
        "p84": 0.34738445101935234,
        "p98": 0.48093010027412003
      },
      "SX": {
        "median": 0.01,
        "mean": 0.025946982886959274,
        "std": 0.0341715840155859,
        "p2": 5.000001249699793e-07,
        "p16": 0.01,
        "p50": 0.01,
        "p84": 0.05891739110319573,
        "p98": 0.1265570429971358
      }
    },
    "mu_proxy_per_image": {
      "S1": 1.158,
      "S2": 0.887,
      "S3": 0.716,
      "S4": 1.793,
      "SX": 0.347
    },
    "mu_norm_per_image": {
      "S1": 1.181391552744338,
      "S2": 0.9049173638033055,
      "S3": 0.7304631707814732,
      "S4": 1.8292185268312589,
      "SX": 0.35400938583962455
    },
    "closure_residual_kappa": {
      "median": -17.657610027160867,
      "mean": -6.689020967547526,
      "std": 44.995268979607474,
      "p2": -116.49728183641558,
      "p16": -29.707700895422526,
      "p50": -17.657610027160867,
      "p84": 16.056049805536535,
      "p98": 88.94529806556821
    },
    "closure_residual_mu_nominal": -14.538035062734984,
    "alpha_equiv_to_match_obs": {
      "median": -0.03204598365584023,
      "mean": -0.035894693153948054,
      "std": 1.1642599162213476,
      "p2": -0.21412090401182804,
      "p16": -0.06751658606576921,
      "p50": -0.03204598365584023,
      "p84": 0.00898970429961329,
      "p98": 0.06826405074069307
    },
    "C_prior_summary": {
      "median": 2.2615905386714283,
      "mean": 2.2551543467860755,
      "std": 1.0110233197205107,
      "p2": 0.5868690120944658,
      "p16": 1.0589672963895596,
      "p50": 2.2615905386714283,
      "p84": 3.440206662387292,
      "p98": 3.913571893246663
    },
    "P_rank_agreement_mu_vs_kappa": 0.0371,
    "P_contrast_sign_agreement_S4_SX": 0.79995,
    "gamma_priors": {
      "S1": {
        "mean": 0.6,
        "std": 0.18,
        "low": 0.05,
        "high": 0.92
      },
      "S2": {
        "mean": 0.6,
        "std": 0.18,
        "low": 0.05,
        "high": 0.92
      },
      "S3": {
        "mean": 0.6,
        "std": 0.18,
        "low": 0.05,
        "high": 0.92
      },
      "S4": {
        "mean": 0.6,
        "std": 0.18,
        "low": 0.05,
        "high": 0.92
      },
      "SX": {
        "mean": 0.18,
        "std": 0.12,
        "low": 0.02,
        "high": 0.7
      }
    }
  },
  "tdcosmo_theoretical": {
    "RXJ1131-1231": {
      "gamma_pl": 1.95,
      "kappa_at_theta_E": 0.525,
      "mu_at_theta_E": null,
      "kappa_at_1p2_theta_E": 0.44150651817458075,
      "mu_at_1p2_theta_E": 8.547960976101738,
      "delta_log_mu": null,
      "delta_log_kappa": null,
      "log_mu_over_log_kappa_ratio": null,
      "note": "Spherical power-law approximation. Real lenses have ellipticity and external shear, which modify the mu-kappa relationship. This illustrates the generic non-linearity of the proxy."
    },
    "HE0435-1223": {
      "gamma_pl": 1.93,
      "kappa_at_theta_E": 0.535,
      "mu_at_theta_E": null,
      "kappa_at_1p2_theta_E": 0.4515597492417043,
      "mu_at_1p2_theta_E": 10.321994460657733,
      "delta_log_mu": null,
      "delta_log_kappa": null,
      "log_mu_over_log_kappa_ratio": null,
      "note": "Spherical power-law approximation. Real lenses have ellipticity and external shear, which modify the mu-kappa relationship. This illustrates the generic non-linearity of the proxy."
    },
    "PG1115+080": {
      "gamma_pl": 2.17,
      "kappa_at_theta_E": 0.415,
      "mu_at_theta_E": 5.882352941176469,
      "kappa_at_1p2_theta_E": 0.3352787578452072,
      "mu_at_1p2_theta_E": 3.035431213723711,
      "delta_log_mu": -0.2873306829013775,
      "delta_log_kappa": -0.092642057875721,
      "log_mu_over_log_kappa_ratio": 3.1015144685886686,
      "note": "Spherical power-law approximation. Real lenses have ellipticity and external shear, which modify the mu-kappa relationship. This illustrates the generic non-linearity of the proxy."
    },
    "DES0408-5354": {
      "gamma_pl": 1.9,
      "kappa_at_theta_E": 0.55,
      "mu_at_theta_E": null,
      "kappa_at_1p2_theta_E": 0.4667663807340528,
      "mu_at_1p2_theta_E": 15.045005962150038,
      "delta_log_mu": null,
      "delta_log_kappa": null,
      "log_mu_over_log_kappa_ratio": null,
      "note": "Spherical power-law approximation. Real lenses have ellipticity and external shear, which modify the mu-kappa relationship. This illustrates the generic non-linearity of the proxy."
    },
    "SDSS1206+4332": {
      "gamma_pl": 1.95,
      "kappa_at_theta_E": 0.525,
      "mu_at_theta_E": null,
      "kappa_at_1p2_theta_E": 0.44150651817458075,
      "mu_at_1p2_theta_E": 8.547960976101738,
      "delta_log_mu": null,
      "delta_log_kappa": null,
      "log_mu_over_log_kappa_ratio": null,
      "note": "Spherical power-law approximation. Real lenses have ellipticity and external shear, which modify the mu-kappa relationship. This illustrates the generic non-linearity of the proxy."
    },
    "WFI2033-4723": {
      "gamma_pl": 1.95,
      "kappa_at_theta_E": 0.525,
      "mu_at_theta_E": null,
      "kappa_at_1p2_theta_E": 0.44150651817458075,
      "mu_at_1p2_theta_E": 8.547960976101738,
      "delta_log_mu": null,
      "delta_log_kappa": null,
      "log_mu_over_log_kappa_ratio": null,
      "note": "Spherical power-law approximation. Real lenses have ellipticity and external shear, which modify the mu-kappa relationship. This illustrates the generic non-linearity of the proxy."
    }
  },
  "tdcosmo_elliptical_shear": {
    "RXJ1131-1231": {
      "gamma_pl": 1.95,
      "kappa_at_theta_E": 0.525,
      "gamma_ext": 0.08,
      "mu_at_theta_E": -17.7304964539007,
      "mu_at_1p2_theta_E": 9.042657172117936,
      "delta_log_mu": null,
      "delta_log_kappa": null,
      "log_mu_over_log_kappa_ratio": null,
      "spherical_ratio": null,
      "note": "Elliptical SIE with external shear. The ratio exceeds the spherical power-law value because external shear increases total shear at fixed kappa, amplifying the magnification-convergence discrepancy."
    },
    "HE0435-1223": {
      "gamma_pl": 1.93,
      "kappa_at_theta_E": 0.535,
      "gamma_ext": 0.1,
      "mu_at_theta_E": -12.499999999999993,
      "mu_at_1p2_theta_E": 11.510062471370889,
      "delta_log_mu": null,
      "delta_log_kappa": null,
      "log_mu_over_log_kappa_ratio": null,
      "spherical_ratio": null,
      "note": "Elliptical SIE with external shear. The ratio exceeds the spherical power-law value because external shear increases total shear at fixed kappa, amplifying the magnification-convergence discrepancy."
    },
    "PG1115+080": {
      "gamma_pl": 2.17,
      "kappa_at_theta_E": 0.415,
      "gamma_ext": 0.06,