{
  "step": "03",
  "status": "success",
  "system": "SN Refsdal (MACS J1149.6+2223)",
  "reference": "Kelly et al. 2023, ApJ 948, 93",
  "alpha_tep": -0.055,
  "gamma_per_image": {
    "S1": 0.9960183376331856,
    "S2": 1.0023865093089686,
    "S3": 1.0075020921727815,
    "S4": 0.9855753924737936,
    "SX": 1.0248041872862155
  },
  "mu_norm_per_image": {
    "S1": 1.181391552744338,
    "S2": 0.9049173638033055,
    "S3": 0.7304631707814732,
    "S4": 1.8292185268312589,
    "SX": 0.35400938583962455
  },
  "tep_predicted_discrepancies": {
    "S1_S2_S3": {
      "images": [
        "S1",
        "S2",
        "S3"
      ],
      "Gamma": {
        "S1": 0.9960183376331856,
        "S2": 1.0023865093089686,
        "S3": 1.0075020921727815
      },
      "dt_ij_days": 9.9,
      "dt_jk_days": -0.9000000000000004,
      "dt_ki_days": -9.0,
      "tep_gr_discrepancy_days": -0.10908514536456809,
      "tep_gr_discrepancy_err_days": 0.0333238990041745,
      "snr": 3.2734808538131435
    },
    "S1_S2_S4": {
      "images": [
        "S1",
        "S2",
        "S4"
      ],
      "Gamma": {
        "S1": 0.9960183376331856,
        "S2": 1.0023865093089686,
        "S4": 0.9855753924737936
      },
      "dt_ij_days": 9.9,
      "dt_jk_days": 10.4,
      "dt_ki_days": -20.3,
      "tep_gr_discrepancy_days": 0.27822077216380114,
      "tep_gr_discrepancy_err_days": 0.11056542335191483,
      "snr": 2.5163451984284633
    },
    "S1_S3_S4": {
      "images": [
        "S1",
        "S3",
        "S4"
      ],
      "Gamma": {
        "S1": 0.9960183376331856,
        "S3": 1.0075020921727815,
        "S4": 0.9855753924737936
      },
      "dt_ij_days": 9.0,
      "dt_jk_days": 11.3,
      "dt_ki_days": -20.3,
      "tep_gr_discrepancy_days": 0.34175821303309245,
      "tep_gr_discrepancy_err_days": 0.14838820333217587,
      "snr": 2.3031359997536076
    },
    "S1_S2_SX": {
      "images": [
        "S1",
        "S2",
        "SX"
      ],
      "Gamma": {
        "S1": 0.9960183376331856,
        "S2": 1.0023865093089686,
        "SX": 1.0248041872862155
      },
      "dt_ij_days": 9.9,
      "dt_jk_days": 366.1,
      "dt_ki_days": -376.0,
      "tep_gr_discrepancy_days": -8.492091819035092,
      "tep_gr_discrepancy_err_days": 0.12809721875760868,
      "snr": 66.29411552724038
    },
    "S1_S4_SX": {
      "images": [
        "S1",
        "S4",
        "SX"
      ],
      "Gamma": {
        "S1": 0.9960183376331856,
        "S4": 0.9855753924737936,
        "SX": 1.0248041872862155
      },
      "dt_ij_days": 20.3,
      "dt_jk_days": 355.7,
      "dt_ki_days": -376.0,
      "tep_gr_discrepancy_days": -14.538035062734984,
      "tep_gr_discrepancy_err_days": 0.22962305864678645,
      "snr": 63.31260958028547
    }
  },
  "best_loop_by_snr": "S1_S2_SX",
  "mean_tep_gr_discrepancy_days": -4.50384660838755,
  "max_snr": 66.29411552724038,
  "proxy_validation": null
}