{
  "step": "15",
  "status": "success",
  "external_cv_values": [
    0.06699412536962701,
    0.10431025404530689,
    0.15998735867730146,
    0.11787526098856849
  ],
  "kappa_percentiles": {
    "p16": 0.08490586713395334,
    "p50": 0.11109275751693769,
    "p84": 0.13977355178670964
  },
  "scenarios": {
    "kappa16": {
      "kappa": 0.08490586713395334,
      "weighted_mean_days": 30.049576730683327,
      "weighted_sigma_days": 8.902781227798561,
      "z_from_gr": 3.375302162525884,
      "p_z_one_sided": 0.0003686734249741514,
      "p_sign_one_sided": 0.00390625,
      "delta_chi2_gr_minus_tep": 8.356966965539666
    },
    "kappa50": {
      "kappa": 0.11109275751693769,
      "weighted_mean_days": 30.049576730683327,
      "weighted_sigma_days": 8.925436059376645,
      "z_from_gr": 3.366734860994791,
      "p_z_one_sided": 0.00038031890759077216,
      "p_sign_one_sided": 0.00390625,
      "delta_chi2_gr_minus_tep": 8.314596956599521
    },
    "kappa84": {
      "kappa": 0.13977355178670964,
      "weighted_mean_days": 30.049576730683334,
      "weighted_sigma_days": 8.957097907295314,
      "z_from_gr": 3.3548340145091826,
      "p_z_one_sided": 0.00039706309218493386,
      "p_sign_one_sided": 0.00390625,
      "delta_chi2_gr_minus_tep": 8.25591941954374
    }
  },
  "curve": [
    {
      "kappa": 0.04245293356697667,
      "weighted_mean_days": 30.04957673068333,
      "weighted_sigma_days": 8.878853757921023,
      "z_from_gr": 3.3843982061170266,
      "p_z_one_sided": 0.00035667232159677004,
      "p_sign_one_sided": 0.00390625,
      "delta_chi2_gr_minus_tep": 8.402069749439836
    },
    {
      "kappa": 0.04941990832168866,
      "weighted_mean_days": 30.049576730683334,
      "weighted_sigma_days": 8.881689762563484,
      "z_from_gr": 3.383317536865896,
      "p_z_one_sided": 0.0003580788868378201,
      "p_sign_one_sided": 0.00390625,
      "delta_chi2_gr_minus_tep": 8.396704890915318
    },
    {
      "kappa": 0.056386883076400655,
      "weighted_mean_days": 30.049576730683334,
      "weighted_sigma_days": 8.884954769967285,
      "z_from_gr": 3.3820742489602993,
      "p_z_one_sided": 0.0003597034859313283,
      "p_sign_one_sided": 0.00390625,
      "delta_chi2_gr_minus_tep": 8.39053485018617
    },
    {
      "kappa": 0.06335385783111264,
      "weighted_mean_days": 30.04957673068333,
      "weighted_sigma_days": 8.888648307384345,
      "z_from_gr": 3.3806688814225336,
      "p_z_one_sided": 0.00036154811762724594,
      "p_sign_one_sided": 0.00390625,
      "delta_chi2_gr_minus_tep": 8.38356319049449
    },
    {
      "kappa": 0.07032083258582464,
      "weighted_mean_days": 30.049576730683327,
      "weighted_sigma_days": 8.892769840855632,
      "z_from_gr": 3.379102042271237,
      "p_z_one_sided": 0.00036361504936420784,
      "p_sign_one_sided": 0.00390625,
      "delta_chi2_gr_minus_tep": 8.375793928556385
    },
    {
      "kappa": 0.07728780734053663,
      "weighted_mean_days": 30.04957673068333,
      "weighted_sigma_days": 8.897318775595215,
      "z_from_gr": 3.3773744077943375,
      "p_z_one_sided": 0.00036590681927673173,
      "p_sign_one_sided": 0.00390625,
      "delta_chi2_gr_minus_tep": 8.367231528805489
    },
    {
      "kappa": 0.08425478209524861,
      "weighted_mean_days": 30.04957673068333,
      "weighted_sigma_days": 8.902294456416811,
      "z_from_gr": 3.3754867217432323,
      "p_z_one_sided": 0.00036842623842438997,
      "p_sign_one_sided": 0.00390625,
      "delta_chi2_gr_minus_tep": 8.357880897019434
    },
    {
      "kappa": 0.09122175684996062,
      "weighted_mean_days": 30.049576730683334,
      "weighted_sigma_days": 8.907696168202115,
      "z_from_gr": 3.3734397944500607,
      "p_z_one_sided": 0.00037117639323905994,
      "p_sign_one_sided": 0.00390625,
      "delta_chi2_gr_minus_tep": 8.347747373346138
    },
    {
      "kappa": 0.09818873160467259,
      "weighted_mean_days": 30.04957673068333,
      "weighted_sigma_days": 8.913523136410117,
      "z_from_gr": 3.3712345018701178,
      "p_z_one_sided": 0.00037416064818594145,
      "p_sign_one_sided": 0.00390625,
      "delta_chi2_gr_minus_tep": 8.336836724748194
    },
    {
      "kappa": 0.1051557063593846,
      "weighted_mean_days": 30.049576730683334,
      "weighted_sigma_days": 8.91977452762664,
      "z_from_gr": 3.368871784551586,
      "p_z_one_sided": 0.00037738264863359334,
      "p_sign_one_sided": 0.00390625,
      "delta_chi2_gr_minus_tep": 8.325155136885277
    },
    {
      "kappa": 0.11212268111409658,
      "weighted_mean_days": 30.049576730683327,
      "weighted_sigma_days": 8.926449450153086,
      "z_from_gr": 3.366352646534954,
      "p_z_one_sided": 0.00038084632392777344,
      "p_sign_one_sided": 0.00390625,
      "delta_chi2_gr_minus_tep": 8.312709205455434
    },
    {
      "kappa": 0.11908965586880857,
      "weighted_mean_days": 30.049576730683327,
      "weighted_sigma_days": 8.93354695463355,
      "z_from_gr": 3.36367815418461,
      "p_z_one_sided": 0.00038455589066341647,
      "p_sign_one_sided": 0.00390625,
      "delta_chi2_gr_minus_tep": 8.299505927017876
    },
    {
      "kappa": 0.12605663062352057,
      "weighted_mean_days": 30.04957673068333,
      "weighted_sigma_days": 8.941066034719194,
      "z_from_gr": 3.360849434955222,
      "p_z_one_sided": 0.0003885158561486515,
      "p_sign_one_sided": 0.00390625,
      "delta_chi2_gr_minus_tep": 8.28555268932049
    },
    {
      "kappa": 0.13302360537823255,
      "weighted_mean_days": 30.049576730683327,
      "weighted_sigma_days": 8.94900562776886,
      "z_from_gr": 3.3578676760956734,
      "p_z_one_sided": 0.00039273102205423507,
      "p_sign_one_sided": 0.00390625,
      "delta_chi2_gr_minus_tep": 8.270857261156772
    },
    {
      "kappa": 0.13999058013294455,
      "weighted_mean_days": 30.049576730683334,
      "weighted_sigma_days": 8.957364615584819,
      "z_from_gr": 3.3547341232934085,
      "p_z_one_sided": 0.000397206488241344,
      "p_sign_one_sided": 0.00390625,
      "delta_chi2_gr_minus_tep": 8.255427781777557
    },
    {
      "kappa": 0.14695755488765655,
      "weighted_mean_days": 30.04957673068333,
      "weighted_sigma_days": 8.966141825182444,
      "z_from_gr": 3.3514500792621447,
      "p_z_one_sided": 0.00040194765676018166,
      "p_sign_one_sided": 0.00390625,
      "delta_chi2_gr_minus_tep": 8.239272749884009
    },
    {
      "kappa": 0.15392452964236852,
      "weighted_mean_days": 30.04957673068333,
      "weighted_sigma_days": 8.975336029592635,
      "z_from_gr": 3.3480169022760475,
      "p_z_one_sided": 0.00040696023601128787,
      "p_sign_one_sided": 0.00390625,
      "delta_chi2_gr_minus_tep": 8.222401012228815
    },
    {
      "kappa": 0.1608915043970805,
      "weighted_mean_days": 30.04957673068333,
      "weighted_sigma_days": 8.98494594869575,
      "z_from_gr": 3.344436004653463,
      "p_z_one_sided": 0.00041225024506109286,
      "p_sign_one_sided": 0.00390625,
      "delta_chi2_gr_minus_tep": 8.204821751853412
    },
    {
      "kappa": 0.16785847915179253,
      "weighted_mean_days": 30.049576730683338,
      "weighted_sigma_days": 8.994970250085732,
      "z_from_gr": 3.3407088511934693,
      "p_z_one_sided": 0.0004178240181025592,
      "p_sign_one_sided": 0.00390625,
      "delta_chi2_gr_minus_tep": 8.186544475989537
    },
    {
      "kappa": 0.1748254539065045,
      "weighted_mean_days": 30.04957673068333,
      "weighted_sigma_days": 9.005407549963149,
      "z_from_gr": 3.336836957568489,
      "p_z_one_sided": 0.00042368820905143445,
      "p_sign_one_sided": 0.00390625,
      "delta_chi2_gr_minus_tep": 8.167579003653739
    },
    {
      "kappa": 0.18179242866121648,
      "weighted_mean_days": 30.04957673068333,
      "weighted_sigma_days": 9.016256414055777,
      "z_from_gr": 3.332821888676317,
      "p_z_one_sided": 0.0004298497962679572,
      "p_sign_one_sided": 0.00390625,