{
  "step": "054",
  "status": "success",
  "description": "First-principles transfer-kernel derivation: compute lensing Jacobian from GLAFIC maps, evaluate regularised log-magnification kernel K_i, and test the mixed ansatz Gamma = 1 + alpha_phi*P_i + alpha_k*P_i*K_i against the observed Refsdal residual.",
  "alpha_proxy_ref": -0.055,
  "observed_residual_days": 30.04957673068333,
  "flux_proxy_prediction_days": 14.538035062734984,
  "Jacobian": {
    "det_A": {
      "S1": 3.3665727693341436,
      "S2": 1.9568625233740562,
      "S3": 7.1996949377510155,
      "S4": 1.1372331834118334,
      "SX": 2.654930896818839
    },
    "mu": {
      "S1": 0.2970379874479246,
      "S2": 0.5110221019899664,
      "S3": 0.1388947738266772,
      "S4": 0.8793271376410968,
      "SX": 0.37665763775554706
    },
    "K": {
      "S1": -0.09599497378791572,
      "S2": 0.1396327165228256,
      "S3": -0.4261210625857011,
      "S4": 0.37534350898980207,
      "SX": 0.00713981086098936
    },
    "mu_json_ground_truth": {
      "S1": 14.6,
      "S2": 16.8,
      "S3": 19.0,
      "S4": 7.0,
      "SX": 4.2
    },
    "K_json_ground_truth": {
      "S1": 0.13700024200937988,
      "S2": 0.19795666795080558,
      "S3": 0.2514009871777716,
      "S4": -0.18225457376080045,
      "SX": -0.4041033233771568
    }
  },
  "transfer_kernel_results": {
    "psi_edge": {
      "coeff_phi": 0.9260434233702229,
      "coeff_k": 128.8764192960459,
      "coeff_k_json": 89.89600261588467,
      "coeff_pk": 0.06870683522978377,
      "alpha_phi_only": 32.44942512665501,
      "R_phi_only_days": 30.049576730683334,
      "alpha_k_only": 0.23316582579514059,
      "R_k_only_days": 30.04957673068333,
      "alpha_k_json": 0.334270444249693,
      "R_k_json_days": 30.04957673068333,
      "alpha_phi_fixed": -0.055,
      "alpha_k_fit": 438.100649204701,
      "R_product_fit_days": 30.04957673068333,
      "alpha_phi_ridge": -2.1284363515717828e-09,
      "alpha_k_ridge": 437.3593490684919,
      "R_ridge_days": 30.04957673068333,
      "P_values": {
        "S1": -0.0005115219623305078,
        "S2": -0.00023147250500410443,
        "S3": 0.002326769472466461,
        "S4": 0.0004659394796719951,
        "SX": -0.002049714484803733
      },
      "K_values": {
        "S1": -0.09599497378791572,
        "S2": 0.1396327165228256,
        "S3": -0.4261210625857011,
        "S4": 0.37534350898980207,
        "SX": 0.00713981086098936
      },
      "K_json_values": {
        "S1": 0.13700024200937988,
        "S2": 0.19795666795080558,
        "S3": 0.2514009871777716,
        "S4": -0.18225457376080045,
        "SX": -0.4041033233771568
      },
      "PK_values": {
        "S1": 4.910353736586031e-05,
        "S2": -3.2321134674066445e-05,
        "S3": -0.0009914854799993795,
        "S4": 0.00017488735927696919,
        "SX": -1.4634573740528903e-05
      }
    },
    "psi_max": {
      "coeff_phi": 0.639610808395009,
      "coeff_k": 128.8764192960459,
      "coeff_k_json": 89.89600261588467,
      "coeff_pk": 0.04745526323555393,
      "alpha_phi_only": 46.98103336634893,
      "R_phi_only_days": 30.049576730683327,
      "alpha_k_only": 0.23316582579514059,
      "R_k_only_days": 30.04957673068333,
      "alpha_k_json": 0.334270444249693,
      "R_k_json_days": 30.04957673068333,
      "alpha_phi_fixed": -0.055,
      "alpha_k_fit": 633.9603507373504,
      "R_product_fit_days": 30.04957673068333,
      "alpha_phi_ridge": 2.038527191868416e-09,
      "alpha_k_ridge": 633.2190505449781,
      "R_ridge_days": 30.049576730683327,
      "P_values": {
        "S1": -0.0003533041405847648,
        "S2": -0.00015987621348045877,
        "S3": 0.0016070811213331204,
        "S4": 0.0003218206832802384,
        "SX": -0.0014157214505481353
      },
      "K_values": {
        "S1": -0.09599497378791572,
        "S2": 0.1396327165228256,
        "S3": -0.4261210625857011,
        "S4": 0.37534350898980207,
        "SX": 0.00713981086098936
      },
      "K_json_values": {
        "S1": 0.13700024200937988,
        "S2": 0.19795666795080558,
        "S3": 0.2514009871777716,
        "S4": -0.18225457376080045,
        "SX": -0.4041033233771568
      },
      "PK_values": {
        "S1": 3.391542171459658e-05,
        "S2": -2.232394999565965e-05,
        "S3": -0.0006848111150838893,
        "S4": 0.0001207933045279004,
        "SX": -1.0107983388759187e-05
      }
    },
    "psi_mean": {
      "coeff_phi": 1.6922951185069786,
      "coeff_k": 128.8764192960459,
      "coeff_k_json": 89.89600261588467,
      "coeff_pk": 0.12555808824199918,
      "alpha_phi_only": 17.756699999935275,
      "R_phi_only_days": 30.049576730683334,
      "alpha_k_only": 0.23316582579514059,
      "R_k_only_days": 30.04957673068333,
      "alpha_k_json": 0.334270444249693,
      "R_k_json_days": 30.04957673068333,
      "alpha_phi_fixed": -0.055,
      "alpha_k_fit": 240.06938449161967,
      "R_product_fit_days": 30.04957673068333,
      "alpha_phi_ridge": -3.5625910795413003e-09,
      "alpha_k_ridge": 239.32808437474046,
      "R_ridge_days": 30.049576730683334,
      "P_values": {
        "S1": -0.0009347791885508938,
        "S2": -0.000423003695508517,
        "S3": 0.004252047496666744,
        "S4": 0.000851479625112006,
        "SX": -0.0037457442377186734
      },
      "K_values": {
        "S1": -0.09599497378791572,
        "S2": 0.1396327165228256,
        "S3": -0.4261210625857011,
        "S4": 0.37534350898980207,
        "SX": 0.00713981086098936
      },
      "K_json_values": {
        "S1": 0.13700024200937988,
        "S2": 0.19795666795080558,
        "S3": 0.2514009871777716,
        "S4": -0.18225457376080045,
        "SX": -0.4041033233771568
      },
      "PK_values": {
        "S1": 8.973410370243217e-05,
        "S2": -5.90651551030484e-05,
        "S3": -0.0018118869974445035,
        "S4": 0.0003195973503228615,
        "SX": -2.6743905390952092e-05
      }
    },
    "inv_kappa": {
      "coeff_phi": 96.47934928884612,
      "coeff_k": 128.8764192960459,
      "coeff_k_json": 89.89600261588467,
      "coeff_pk": 5.255038089750139,
      "alpha_phi_only": 0.3114612292908295,
      "R_phi_only_days": 30.049576730683327,
      "alpha_k_only": 0.23316582579514059,
      "R_k_only_days": 30.04957673068333,
      "alpha_k_json": 0.334270444249693,
      "R_k_json_days": 30.04957673068333,
      "alpha_phi_fixed": -0.055,
      "alpha_k_fit": 6.728008501124097,
      "R_product_fit_days": 30.049576730683334,
      "alpha_phi_ridge": 2.5465831822129537e-07,
      "alpha_k_ridge": 5.71823679452022,
      "R_ridge_days": 30.04957673068333,
      "P_values": {
        "S1": 0.04271867476207891,
        "S2": 0.02707078196210233,
        "S3": 0.11532278989366063,
        "S4": 0.03554729460553108,
        "SX": -0.22065954122337372
      },
      "K_values": {
        "S1": -0.09599497378791572,
        "S2": 0.1396327165228256,
        "S3": -0.4261210625857011,
        "S4": 0.37534350898980207,
        "SX": 0.00713981086098936
      },
      "K_json_values": {
        "S1": 0.13700024200937988,
        "S2": 0.19795666795080558,
        "S3": 0.2514009871777716,
        "S4": -0.18225457376080045,
        "SX": -0.4041033233771568
      },
      "PK_values": {
        "S1": -0.004100778064040262,
        "S2": 0.0037799668237654556,
        "S3": -0.04914146976983422,
        "S4": 0.013342446292334297,
        "SX": -0.001575467389007573
      }
    },
    "geodesic_Phi": {
      "coeff_phi": 14.213350770582236,
      "coeff_k": 128.8764192960459,
      "coeff_k_json": 89.89600261588467,
      "coeff_pk": 0.04580587914389411,
      "alpha_phi_only": 2.1141796340436323,
      "R_phi_only_days": 30.04957673068333,
      "alpha_k_only": 0.23316582579514059,
      "R_k_only_days": 30.04957673068333,
      "alpha_k_json": 0.334270444249693,
      "R_k_json_days": 30.04957673068333,
      "alpha_phi_fixed": -0.055,
      "alpha_k_fit": 673.086328639435,