{
  "step": "44",
  "status": "success",
  "description": "Loop residual under flux-ratio proxy vs parity-signed model magnification vs model convergence, using GLAFIC v3 values (Kelly+2023). Tests whether the headline sign survives the mu->kappa substitution the referee requires.",
  "alpha_proxy_ref": -0.055,
  "observed_blind_residual_days": 30.04957673068333,
  "glafic_v3_kappa": {
    "S1": 0.722,
    "S2": 0.733,
    "S3": 0.675,
    "S4": 0.727,
    "SX": 0.966
  },
  "kappa_ordering": {
    "highest": "SX",
    "lowest": "S3"
  },
  "results_by_tracer": {
    "flux_ratio_proxy": {
      "R_closure_days": -14.538035062734984,
      "R_predicted_obs_minus_model_days": 14.538035062734984,
      "dGamma_S4_minus_SX": -0.03922879481242192,
      "q_norm": {
        "S1": 1.181391552744338,
        "S2": 0.9049173638033055,
        "S3": 0.7304631707814732,
        "S4": 1.8292185268312589,
        "SX": 0.35400938583962455
      },
      "predicted_sign_matches_observed": true
    },
    "model_mu_abs": {
      "R_closure_days": -4.944280143873674,
      "R_predicted_obs_minus_model_days": 4.944280143873674,
      "dGamma_S4_minus_SX": -0.012201681228899641,
      "q_norm": {
        "S1": 1.185064935064935,
        "S2": 1.3636363636363638,
        "S3": 1.5422077922077921,
        "S4": 0.5681818181818181,
        "SX": 0.34090909090909094
      },
      "predicted_sign_matches_observed": true
    },
    "model_kappa": {
      "R_closure_days": 2.556141746345112,
      "R_predicted_obs_minus_model_days": -2.556141746345112,
      "dGamma_S4_minus_SX": 0.0067893493556050455,
      "q_norm": {
        "S1": 0.9442845932513733,
        "S2": 0.9586712006277793,
        "S3": 0.8828145435521842,
        "S4": 0.9508239602406487,
        "SX": 1.2634057023280147
      },
      "predicted_sign_matches_observed": false
    },
    "model_inv_kappa": {
      "R_closure_days": -2.5561417463451512,
      "R_predicted_obs_minus_model_days": 2.5561417463451512,
      "dGamma_S4_minus_SX": -0.0067893493556051565,
      "q_norm": {
        "S1": 1.042718674762079,
        "S2": 1.0270707819621023,
        "S3": 1.1153227898936606,
        "S4": 1.035547294605531,
        "SX": 0.7793404587766263
      },
      "predicted_sign_matches_observed": true
    }
  },
  "sign_flip_flux_vs_kappa": true,
  "sign_flip_flux_vs_inv_kappa": false,
  "verdict": "Inv-kappa residual (+2.6 d) shares the sign of the flux-proxy prediction (+14.5 d) and the observation (+30.0 d); the sign evidence survives substitution of the 1/kappa potential proxy (amplitude differs).",
  "provenance": {
    "primary_reference": "Kelly et al. 2023, ApJ 948, 93 (arXiv:2305.06377), lensing-parameters table (GLAFIC v3)",
    "model_maps": "https://archive.stsci.edu/pub/hlsp/frontier/macs1149/models/glafic/v3/",
    "transcription_note": "Values transcribed via automated web extraction (ar5iv HTML of arXiv:2305.06377), corroborated by (i) two independent extractions returning identical kappa, (ii) internal consistency of (kappa,gamma,mu,parity) under mu = 1/[(1-kappa)^2 - gamma^2], and (iii) the SX/S1 magnification ratio 4.2/14.6 = 0.29 matching the Kelly+2023 measured value 0.30. VERIFY against the published table / archived GLAFIC maps before use in a final publication.",
    "verification_status": "web-extracted; pending direct confirmation against archived maps"
  },
  "caveats": [
    "1/kappa is a proxy for potential depth under the isothermal assumption (beta_A=-1); the true TEP coupling variable is |Phi|, i.e. the lensing potential psi, which would be the cleanest tracer but is not tabulated in Kelly+2023.",
    "Total kappa includes the cluster-member-galaxy contribution at S1-S4; a cluster-only potential decomposition could shift the comparison and should be checked.",
    "GLAFIC v3 values are web-transcribed (see provenance); confirm against archived maps before publication."
  ]
}