{
  "step": "03",
  "status": "success",
  "system": "SN Refsdal (MACS J1149.6+2223)",
  "reference": "Kelly et al. 2023, ApJ 948, 93",
  "alpha_tep": -0.05,
  "gamma_per_image": {
    "S1": 0.9963803069392597,
    "S2": 1.0021695539172442,
    "S3": 1.0068200837934378,
    "S4": 0.9868867204307215,
    "SX": 1.0225492611692868
  },
  "mu_norm_per_image": {
    "S1": 1.181391552744338,
    "S2": 0.9049173638033055,
    "S3": 0.7304631707814732,
    "S4": 1.8292185268312589,
    "SX": 0.35400938583962455
  },
  "tep_closure_loops": {
    "S1_S2_S3": {
      "images": [
        "S1",
        "S2",
        "S3"
      ],
      "Gamma": {
        "S1": 0.9963803069392597,
        "S2": 1.0021695539172442,
        "S3": 1.0068200837934378
      },
      "dt_ij_days": 9.9,
      "dt_jk_days": -0.9000000000000004,
      "dt_ki_days": -9.0,
      "R_tep_days": -0.09916831396778866,
      "R_tep_err_days": 0.03029445364015847,
      "snr": 3.2734808538131444
    },
    "S1_S2_S4": {
      "images": [
        "S1",
        "S2",
        "S4"
      ],
      "Gamma": {
        "S1": 0.9963803069392597,
        "S2": 1.0021695539172442,
        "S4": 0.9868867204307215
      },
      "dt_ij_days": 9.9,
      "dt_jk_days": 10.4,
      "dt_ki_days": -20.3,
      "R_tep_days": 0.252927974694365,
      "R_tep_err_days": 0.10051402122901328,
      "snr": 2.5163451984284717
    },
    "S1_S3_S4": {
      "images": [
        "S1",
        "S3",
        "S4"
      ],
      "Gamma": {
        "S1": 0.9963803069392597,
        "S3": 1.0068200837934378,
        "S4": 0.9868867204307215
      },
      "dt_ij_days": 9.0,
      "dt_jk_days": 11.3,
      "dt_ki_days": -20.3,
      "R_tep_days": 0.310689284575539,
      "R_tep_err_days": 0.13489836666561433,
      "snr": 2.303135999753612
    },
    "S1_S2_SX": {
      "images": [
        "S1",
        "S2",
        "SX"
      ],
      "Gamma": {
        "S1": 0.9963803069392597,
        "S2": 1.0021695539172442,
        "SX": 1.0225492611692868
      },
      "dt_ij_days": 9.9,
      "dt_jk_days": 366.1,
      "dt_ki_days": -376.0,
      "R_tep_days": -7.720083471850076,
      "R_tep_err_days": 0.11645201705237135,
      "snr": 66.29411552724041
    },
    "S1_S4_SX": {
      "images": [
        "S1",
        "S4",
        "SX"
      ],
      "Gamma": {
        "S1": 0.9963803069392597,
        "S4": 0.9868867204307215,
        "SX": 1.0225492611692868
      },
      "dt_ij_days": 20.3,
      "dt_jk_days": 355.7,
      "dt_ki_days": -376.0,
      "R_tep_days": -13.21639551157724,
      "R_tep_err_days": 0.2087482351334421,
      "snr": 63.31260958028542
    }
  },
  "best_loop_by_snr": "S1_S2_SX",
  "mean_R_tep_days": -4.09440600762504,
  "max_snr": 66.29411552724041
}