{
  "n": 13,
  "pearson_r": 0.5522442606685888,
  "pearson_p": 0.05035059332191981,
  "spearman_rho": 0.39560439560439564,
  "spearman_p": 0.1808891631049407,
  "slope": 0.24489663847876567,
  "slope_err": 0.0996183139950457,
  "consistent_with_tep": true
}