bin_inner_edge,bin_outer_edge,binned_Vrms
0.0,0.21479474095772605,295.93787625565244
0.21479474095772605,0.4295894819154521,287.4389061992009
0.4295894819154521,0.6443842228731781,284.51768614090213
0.6443842228731781,1.0739737047886302,275.3372521398832
1.0739737047886302,1.6109605571829453,258.6354707554338
1.6109605571829453,2.497467782749249,242.91156866112465
